make,highway-mpg,city-mpg,peak-rpm,horsepower,compression-ratio,stroke,bore,fuel-system,engine-size,num-of-cylinders,engine-type,curb-weight,height,width,length,wheel-base,engine-location,drive-wheels,body-style,num-of-doors,aspiration,fuel-type,normalized-losses,symboling,price
alfa-romero,27,21,5000,111,9,2.68,3.47,mpfi,130,4,dohc,2548,48.8,64.1,168.8,88.6,front,rwd,convertible,2,std,gas,,3,13495
alfa-romero,27,21,5000,111,9,2.68,3.47,mpfi,130,4,dohc,2548,48.8,64.1,168.8,88.6,front,rwd,convertible,2,std,gas,,3,16500
alfa-romero,26,19,5000,154,9,3.47,2.68,mpfi,152,6,ohcv,2823,52.4,65.5,171.2,94.5,front,rwd,hatchback,2,std,gas,,1,16500
audi,30,24,5500,102,10,3.4,3.19,mpfi,109,4,ohc,2337,54.3,66.2,176.6,99.8,front,fwd,sedan,4,std,gas,164,2,13950
audi,22,18,5500,115,8,3.4,3.19,mpfi,136,5,ohc,2824,54.3,66.4,176.6,99.4,front,4wd,sedan,4,std,gas,164,2,17450
audi,25,19,5500,110,8.5,3.4,3.19,mpfi,136,5,ohc,2507,53.1,66.3,177.3,99.8,front,fwd,sedan,2,std,gas,,2,15250
audi,25,19,5500,110,8.5,3.4,3.19,mpfi,136,5,ohc,2844,55.7,71.4,192.7,105.8,front,fwd,sedan,4,std,gas,158,1,17710
audi,25,19,5500,110,8.5,3.4,3.19,mpfi,136,5,ohc,2954,55.7,71.4,192.7,105.8,front,fwd,wagon,4,std,gas,,1,18920
audi,20,17,5500,140,8.3,3.4,3.13,mpfi,131,5,ohc,3086,55.9,71.4,192.7,105.8,front,fwd,sedan,4,turbo,gas,158,1,23875
audi,22,16,5500,160,7,3.4,3.13,mpfi,131,5,ohc,3053,52,67.9,178.2,99.5,front,4wd,hatchback,2,turbo,gas,,0,
bmw,29,23,5800,101,8.8,2.8,3.5,mpfi,108,4,ohc,2395,54.3,64.8,176.8,101.2,front,rwd,sedan,2,std,gas,192,2,16430
bmw,29,23,5800,101,8.8,2.8,3.5,mpfi,108,4,ohc,2395,54.3,64.8,176.8,101.2,front,rwd,sedan,4,std,gas,192,0,16925
bmw,28,21,4250,121,9,3.19,3.31,mpfi,164,6,ohc,2710,54.3,64.8,176.8,101.2,front,rwd,sedan,2,std,gas,188,0,20970
bmw,28,21,4250,121,9,3.19,3.31,mpfi,164,6,ohc,2765,54.3,64.8,176.8,101.2,front,rwd,sedan,4,std,gas,188,0,21105
bmw,25,20,4250,121,9,3.19,3.31,mpfi,164,6,ohc,3055,55.7,66.9,189,103.5,front,rwd,sedan,4,std,gas,,1,24565
bmw,22,16,5400,182,8,3.39,3.62,mpfi,209,6,ohc,3230,55.7,66.9,189,103.5,front,rwd,sedan,4,std,gas,,0,30760
bmw,22,16,5400,182,8,3.39,3.62,mpfi,209,6,ohc,3380,53.7,67.9,193.8,103.5,front,rwd,sedan,2,std,gas,,0,41315
bmw,20,15,5400,182,8,3.39,3.62,mpfi,209,6,ohc,3505,56.3,70.9,197,110,front,rwd,sedan,4,std,gas,,0,36880
chevrolet,53,47,5100,48,9.5,3.03,2.91,2bbl,61,3,l,1488,53.2,60.3,141.1,88.4,front,fwd,hatchback,2,std,gas,121,2,5151
chevrolet,43,38,5400,70,9.6,3.11,3.03,2bbl,90,4,ohc,1874,52,63.6,155.9,94.5,front,fwd,hatchback,2,std,gas,98,1,6295
chevrolet,43,38,5400,70,9.6,3.11,3.03,2bbl,90,4,ohc,1909,52,63.6,158.8,94.5,front,fwd,sedan,4,std,gas,81,0,6575
dodge,41,37,5500,68,9.41,3.23,2.97,2bbl,90,4,ohc,1876,50.8,63.8,157.3,93.7,front,fwd,hatchback,2,std,gas,118,1,5572
dodge,38,31,5500,68,9.4,3.23,2.97,2bbl,90,4,ohc,1876,50.8,63.8,157.3,93.7,front,fwd,hatchback,2,std,gas,118,1,6377
dodge,30,24,5500,102,7.6,3.39,3.03,mpfi,98,4,ohc,2128,50.8,63.8,157.3,93.7,front,fwd,hatchback,2,turbo,gas,118,1,7957
dodge,38,31,5500,68,9.4,3.23,2.97,2bbl,90,4,ohc,1967,50.6,63.8,157.3,93.7,front,fwd,hatchback,4,std,gas,148,1,6229
dodge,38,31,5500,68,9.4,3.23,2.97,2bbl,90,4,ohc,1989,50.6,63.8,157.3,93.7,front,fwd,sedan,4,std,gas,148,1,6692
dodge,38,31,5500,68,9.4,3.23,2.97,2bbl,90,4,ohc,1989,50.6,63.8,157.3,93.7,front,fwd,sedan,4,std,gas,148,1,7609
dodge,30,24,5500,102,7.6,3.39,3.03,mpfi,98,4,ohc,2191,50.6,63.8,157.3,93.7,front,fwd,sedan,,turbo,gas,148,1,8558
dodge,30,24,5000,88,8.5,3.46,3.34,2bbl,122,4,ohc,2535,59.8,64.6,174.6,103.3,front,fwd,wagon,4,std,gas,110,-1,8921
dodge,24,19,5000,145,7,3.9,3.6,mfi,156,4,ohc,2811,50.2,66.3,173.2,95.9,front,fwd,hatchback,2,turbo,gas,145,3,12964
honda,54,49,4800,58,9.6,3.41,2.91,1bbl,92,4,ohc,1713,50.8,63.9,144.6,86.6,front,fwd,hatchback,2,std,gas,137,2,6479
honda,38,31,6000,76,9.2,3.41,2.91,1bbl,92,4,ohc,1819,50.8,63.9,144.6,86.6,front,fwd,hatchback,2,std,gas,137,2,6855
honda,42,38,5500,60,10.1,3.07,2.91,1bbl,79,4,ohc,1837,52.6,64,150,93.7,front,fwd,hatchback,2,std,gas,101,1,5399
honda,34,30,6000,76,9.2,3.41,2.91,1bbl,92,4,ohc,1940,52.6,64,150,93.7,front,fwd,hatchback,2,std,gas,101,1,6529
honda,34,30,6000,76,9.2,3.41,2.91,1bbl,92,4,ohc,1956,52.6,64,150,93.7,front,fwd,hatchback,2,std,gas,101,1,7129
honda,34,30,6000,76,9.2,3.41,2.91,1bbl,92,4,ohc,2010,54.5,64,163.4,96.5,front,fwd,sedan,4,std,gas,110,0,7295
honda,34,30,6000,76,9.2,3.41,2.92,1bbl,92,4,ohc,2024,58.3,63.9,157.1,96.5,front,fwd,wagon,4,std,gas,78,0,7295
honda,33,27,5800,86,9,3.58,3.15,1bbl,110,4,ohc,2236,53.3,65.2,167.5,96.5,front,fwd,hatchback,2,std,gas,106,0,7895
honda,33,27,5800,86,9,3.58,3.15,1bbl,110,4,ohc,2289,53.3,65.2,167.5,96.5,front,fwd,hatchback,2,std,gas,106,0,9095
honda,33,27,5800,86,9,3.58,3.15,1bbl,110,4,ohc,2304,54.1,65.2,175.4,96.5,front,fwd,sedan,4,std,gas,85,0,8845
honda,33,27,5800,86,9,3.58,3.15,1bbl,110,4,ohc,2372,54.1,62.5,175.4,96.5,front,fwd,sedan,4,std,gas,85,0,10295
honda,28,24,5800,101,9,3.58,3.15,mpfi,110,4,ohc,2465,54.1,65.2,175.4,96.5,front,fwd,sedan,4,std,gas,85,0,12945
honda,31,25,5500,100,9.1,3.58,3.15,2bbl,110,4,ohc,2293,51,66,169.1,96.5,front,fwd,sedan,2,std,gas,107,1,10345
isuzu,29,24,4800,78,8.5,3.23,3.31,2bbl,111,4,ohc,2337,53.5,61.8,170.7,94.3,front,rwd,sedan,4,std,gas,,0,6785
isuzu,43,38,5400,70,9.6,3.11,3.03,2bbl,90,4,ohc,1874,52,63.6,155.9,94.5,front,fwd,sedan,2,std,gas,,1,
isuzu,43,38,5400,70,9.6,3.11,3.03,2bbl,90,4,ohc,1909,52,63.6,155.9,94.5,front,fwd,sedan,4,std,gas,,0,
isuzu,29,24,5000,90,9.2,3.23,3.43,spfi,119,4,ohc,2734,51.4,65.2,172.6,96,front,rwd,hatchback,2,std,gas,,2,11048
jaguar,19,15,4750,176,8.1,4.17,3.63,mpfi,258,6,dohc,4066,52.8,69.6,199.6,113,front,rwd,sedan,4,std,gas,145,0,32250
jaguar,19,15,4750,176,8.1,4.17,3.63,mpfi,258,6,dohc,4066,52.8,69.6,199.6,113,front,rwd,sedan,4,std,gas,,0,35550
jaguar,17,13,5000,262,11.5,2.76,3.54,mpfi,326,12,ohcv,3950,47.8,70.6,191.7,102,front,rwd,sedan,2,std,gas,,0,36000
mazda,31,30,5000,68,9,3.15,3.03,2bbl,91,4,ohc,1890,54.1,64.2,159.1,93.1,front,fwd,hatchback,2,std,gas,104,1,5195
mazda,38,31,5000,68,9,3.15,3.03,2bbl,91,4,ohc,1900,54.1,64.2,159.1,93.1,front,fwd,hatchback,2,std,gas,104,1,6095
mazda,38,31,5000,68,9,3.15,3.03,2bbl,91,4,ohc,1905,54.1,64.2,159.1,93.1,front,fwd,hatchback,2,std,gas,104,1,6795
mazda,38,31,5000,68,9,3.15,3.03,2bbl,91,4,ohc,1945,54.1,64.2,166.8,93.1,front,fwd,sedan,4,std,gas,113,1,6695
mazda,38,31,5000,68,9,3.15,3.08,2bbl,91,4,ohc,1950,54.1,64.2,166.8,93.1,front,fwd,sedan,4,std,gas,113,1,7395
mazda,23,17,6000,101,9.4,,,4bbl,70,2,rotor,2380,49.6,65.7,169,95.3,front,rwd,hatchback,2,std,gas,150,3,10945
mazda,23,17,6000,101,9.4,,,4bbl,70,2,rotor,2380,49.6,65.7,169,95.3,front,rwd,hatchback,2,std,gas,150,3,11845
mazda,23,17,6000,101,9.4,,,4bbl,70,2,rotor,2385,49.6,65.7,169,95.3,front,rwd,hatchback,2,std,gas,150,3,13645
mazda,23,16,6000,135,9.4,,,mpfi,80,2,rotor,2500,49.6,65.7,169,95.3,front,rwd,hatchback,2,std,gas,150,3,15645
mazda,32,26,4800,84,8.6,3.39,3.39,2bbl,122,4,ohc,2385,53.7,66.5,177.8,98.8,front,fwd,hatchback,2,std,gas,129,1,8845
mazda,32,26,4800,84,8.6,3.39,3.39,2bbl,122,4,ohc,2410,55.5,66.5,177.8,98.8,front,fwd,sedan,4,std,gas,115,0,8495
mazda,32,26,4800,84,8.6,3.39,3.39,2bbl,122,4,ohc,2385,53.7,66.5,177.8,98.8,front,fwd,hatchback,2,std,gas,129,1,10595
mazda,32,26,4800,84,8.6,3.39,3.39,2bbl,122,4,ohc,2410,55.5,66.5,177.8,98.8,front,fwd,sedan,4,std,gas,115,0,10245
mazda,42,36,4650,64,22.7,3.39,3.39,idi,122,4,ohc,2443,55.5,66.5,177.8,98.8,front,fwd,sedan,,std,diesel,,0,10795
mazda,32,26,4800,84,8.6,3.39,3.39,2bbl,122,4,ohc,2425,55.5,66.5,177.8,98.8,front,fwd,hatchback,4,std,gas,115,0,11245
mazda,27,19,5000,120,8,3.16,3.76,mpfi,140,4,ohc,2670,54.4,66.1,175,104.9,front,rwd,sedan,4,std,gas,118,0,18280
mazda,39,31,4200,72,22,3.64,3.43,idi,134,4,ohc,2700,54.4,66.1,175,104.9,front,rwd,sedan,4,std,diesel,,0,18344
mercedes-benz,25,22,4350,123,21.5,3.64,3.58,idi,183,5,ohc,3515,56.5,70.3,190.9,110,front,rwd,sedan,4,turbo,diesel,93,-1,25552
mercedes-benz,25,22,4350,123,21.5,3.64,3.58,idi,183,5,ohc,3750,58.7,70.3,190.9,110,front,rwd,wagon,4,turbo,diesel,93,-1,28248
mercedes-benz,25,22,4350,123,21.5,3.64,3.58,idi,183,5,ohc,3495,54.9,70.3,187.5,106.7,front,rwd,hardtop,2,turbo,diesel,93,0,28176
mercedes-benz,25,22,4350,123,21.5,3.64,3.58,idi,183,5,ohc,3770,56.3,71.7,202.6,115.6,front,rwd,sedan,4,turbo,diesel,93,-1,31600
mercedes-benz,18,16,4750,155,8.3,3.1,3.46,mpfi,234,8,ohcv,3740,56.5,71.7,202.6,115.6,front,rwd,sedan,4,std,gas,,-1,34184
mercedes-benz,18,16,4750,155,8.3,3.1,3.46,mpfi,234,8,ohcv,3685,50.8,70.5,180.3,96.6,front,rwd,convertible,2,std,gas,142,3,35056
mercedes-benz,16,14,4500,184,8,3.35,3.8,mpfi,308,8,ohcv,3900,56.7,71.7,208.1,120.9,front,rwd,sedan,4,std,gas,,0,40960
mercedes-benz,16,14,4500,184,8,3.35,3.8,mpfi,304,8,ohcv,3715,55.4,72,199.2,112,front,rwd,hardtop,2,std,gas,,1,45400
mercury,24,19,5000,175,8,3.12,3.78,mpfi,140,4,ohc,2910,54.8,68,178.4,102.7,front,rwd,hatchback,2,turbo,gas,,1,16503
mitsubishi,41,37,5500,68,9.4,3.23,2.97,2bbl,92,4,ohc,1918,50.8,64.4,157.3,93.7,front,fwd,hatchback,2,std,gas,161,2,5389
mitsubishi,38,31,5500,68,9.4,3.23,2.97,2bbl,92,4,ohc,1944,50.8,64.4,157.3,93.7,front,fwd,hatchback,2,std,gas,161,2,6189
mitsubishi,38,31,5500,68,9.4,3.23,2.97,2bbl,92,4,ohc,2004,50.8,64.4,157.3,93.7,front,fwd,hatchback,2,std,gas,161,2,6669
mitsubishi,30,24,5500,102,7.6,3.39,3.03,spdi,98,4,ohc,2145,50.8,63.8,157.3,93,front,fwd,hatchback,2,turbo,gas,161,1,7689
mitsubishi,30,23,5500,116,7.5,3.46,3.17,spdi,110,4,ohc,2370,49.4,65.4,173,96.3,front,fwd,hatchback,2,turbo,gas,153,3,9959
mitsubishi,32,25,5000,88,8.5,3.46,3.35,2bbl,122,4,ohc,2328,49.4,65.4,173,96.3,front,fwd,hatchback,2,std,gas,153,3,8499
mitsubishi,24,19,5000,145,7,3.86,3.58,spdi,156,4,ohc,2833,50.2,66.3,173.2,95.9,front,fwd,hatchback,2,turbo,gas,,3,12629
mitsubishi,24,19,5000,145,7,3.86,3.59,spdi,156,4,ohc,2921,50.2,66.3,173.2,95.9,front,fwd,hatchback,2,turbo,gas,,3,14869
mitsubishi,24,19,5000,145,7,3.86,3.59,spdi,156,4,ohc,2926,50.2,66.3,173.2,95.9,front,fwd,hatchback,2,turbo,gas,,3,14489
mitsubishi,32,25,5000,88,8.5,3.46,3.35,2bbl,122,4,ohc,2365,51.6,65.4,172.4,96.3,front,fwd,sedan,4,std,gas,125,1,6989
mitsubishi,32,25,5000,88,8.5,3.46,3.35,2bbl,122,4,ohc,2405,51.6,65.4,172.4,96.3,front,fwd,sedan,4,std,gas,125,1,8189
mitsubishi,30,23,5500,116,7.5,3.46,3.17,spdi,110,4,ohc,2403,51.6,65.4,172.4,96.3,front,fwd,sedan,4,turbo,gas,125,1,9279
mitsubishi,30,23,5500,116,7.5,3.46,3.17,spdi,110,4,ohc,2403,51.6,65.4,172.4,96.3,front,fwd,sedan,4,std,gas,137,-1,9279
nissan,37,31,5200,69,9.4,3.29,3.15,2bbl,97,4,ohc,1889,54.5,63.8,165.3,94.5,front,fwd,sedan,2,std,gas,128,1,5499
nissan,50,45,4800,55,21.9,3.47,2.99,idi,103,4,ohc,2017,54.5,63.8,165.3,94.5,front,fwd,sedan,2,std,diesel,128,1,7099
nissan,37,31,5200,69,9.4,3.29,3.15,2bbl,97,4,ohc,1918,54.5,63.8,165.3,94.5,front,fwd,sedan,2,std,gas,128,1,6649
nissan,37,31,5200,69,9.4,3.29,3.15,2bbl,97,4,ohc,1938,54.5,63.8,165.3,94.5,front,fwd,sedan,4,std,gas,122,1,6849
nissan,37,31,5200,69,9.4,3.29,3.15,2bbl,97,4,ohc,2024,53.5,63.8,170.2,94.5,front,fwd,wagon,4,std,gas,103,1,7349
nissan,37,31,5200,69,9.4,3.29,3.15,2bbl,97,4,ohc,1951,54.5,63.8,165.3,94.5,front,fwd,sedan,2,std,gas,128,1,7299
nissan,37,31,5200,69,9.4,3.29,3.15,2bbl,97,4,ohc,2028,53.3,63.8,165.6,94.5,front,fwd,hatchback,2,std,gas,128,1,7799
nissan,37,31,5200,69,9.4,3.29,3.15,2bbl,97,4,ohc,1971,54.5,63.8,165.3,94.5,front,fwd,sedan,4,std,gas,122,1,7499
nissan,37,31,5200,69,9.4,3.29,3.15,2bbl,97,4,ohc,2037,53.5,63.8,170.2,94.5,front,fwd,wagon,4,std,gas,103,1,7999
nissan,37,31,5200,69,9.4,3.29,3.15,2bbl,97,4,ohc,2008,53.3,63.8,162.4,95.1,front,fwd,hardtop,2,std,gas,168,2,8249
nissan,34,27,5200,97,8.5,3.47,3.33,2bbl,120,4,ohc,2324,54.7,65.2,173.4,97.2,front,fwd,hatchback,4,std,gas,106,0,8949
nissan,34,27,5200,97,8.5,3.47,3.33,2bbl,120,4,ohc,2302,54.7,65.2,173.4,97.2,front,fwd,sedan,4,std,gas,106,0,9549
nissan,22,17,5200,152,9,3.27,3.43,mpfi,181,6,ohcv,3095,55.1,66.5,181.7,100.4,front,fwd,sedan,4,std,gas,128,0,13499
nissan,22,17,5200,152,9,3.27,3.43,mpfi,181,6,ohcv,3296,56.1,66.5,184.6,100.4,front,fwd,wagon,4,std,gas,108,0,14399
nissan,25,19,5200,152,9,3.27,3.43,mpfi,181,6,ohcv,3060,55.1,66.5,184.6,100.4,front,fwd,sedan,4,std,gas,108,0,13499
nissan,25,19,5200,160,9,3.27,3.43,mpfi,181,6,ohcv,3071,49.7,67.9,170.7,91.3,front,rwd,hatchback,2,std,gas,194,3,17199
nissan,23,17,5200,200,7.8,3.27,3.43,mpfi,181,6,ohcv,3139,49.7,67.9,170.7,91.3,front,rwd,hatchback,2,turbo,gas,194,3,19699
nissan,25,19,5200,160,9,3.27,3.43,mpfi,181,6,ohcv,3139,49.7,67.9,178.5,99.2,front,rwd,hatchback,2,std,gas,231,1,18399
peugot,24,19,5000,97,8.4,3.19,3.46,mpfi,120,4,l,3020,56.7,68.4,186.7,107.9,front,rwd,sedan,4,std,gas,161,0,11900
peugot,33,28,4150,95,21,3.52,3.7,idi,152,4,l,3197,56.7,68.4,186.7,107.9,front,rwd,sedan,4,turbo,diesel,161,0,13200
peugot,24,19,5000,97,8.4,3.19,3.46,mpfi,120,4,l,3230,58.7,68.4,198.9,114.2,front,rwd,wagon,4,std,gas,,0,12440
peugot,25,25,4150,95,21,3.52,3.7,idi,152,4,l,3430,58.7,68.4,198.9,114.2,front,rwd,wagon,4,turbo,diesel,,0,13860
peugot,24,19,5000,95,8.4,2.19,3.46,mpfi,120,4,l,3075,56.7,68.4,186.7,107.9,front,rwd,sedan,4,std,gas,161,0,15580
peugot,33,28,4150,95,21,3.52,3.7,idi,152,4,l,3252,56.7,68.4,186.7,107.9,front,rwd,sedan,4,turbo,diesel,161,0,16900
peugot,24,19,5000,95,8.4,2.19,3.46,mpfi,120,4,l,3285,56.7,68.4,198.9,114.2,front,rwd,wagon,4,std,gas,,0,16695
peugot,25,25,4150,95,21,3.52,3.7,idi,152,4,l,3485,58.7,68.4,198.9,114.2,front,rwd,wagon,4,turbo,diesel,,0,17075
peugot,24,19,5000,97,8.4,3.19,3.46,mpfi,120,4,l,3075,56.7,68.4,186.7,107.9,front,rwd,sedan,4,std,gas,161,0,16630
peugot,33,28,4150,95,21,3.52,3.7,idi,152,4,l,3252,56.7,68.4,186.7,107.9,front,rwd,sedan,4,turbo,diesel,161,0,17950
peugot,24,18,5600,142,7,3.21,3.61,mpfi,134,4,l,3130,56,68.3,186.7,108,front,rwd,sedan,4,turbo,gas,161,0,18150
plymouth,41,37,5500,68,9.4,3.23,2.97,2bbl,90,4,ohc,1918,50.8,63.8,157.3,93.7,front,fwd,hatchback,2,std,gas,119,1,5572
plymouth,30,24,5500,102,7.6,3.39,3.03,spdi,98,4,ohc,2128,50.8,63.8,157.3,93.7,front,fwd,hatchback,2,turbo,gas,119,1,7957
plymouth,38,31,5500,68,9.4,3.23,2.97,2bbl,90,4,ohc,1967,50.6,63.8,157.3,93.7,front,fwd,hatchback,4,std,gas,154,1,6229
plymouth,38,31,5500,68,9.4,3.23,2.97,2bbl,90,4,ohc,1989,50.8,63.8,167.3,93.7,front,fwd,sedan,4,std,gas,154,1,6692
plymouth,38,31,5500,68,9.4,3.23,2.97,2bbl,98,4,ohc,2191,50.8,63.8,167.3,93.7,front,fwd,sedan,4,std,gas,154,1,7609
plymouth,30,24,5000,88,8.5,3.46,3.35,2bbl,122,4,ohc,2535,59.8,64.6,174.6,103.3,front,fwd,wagon,4,std,gas,74,-1,8921
plymouth,24,19,5000,145,7,3.86,3.59,spdi,156,4,ohc,2818,50.2,66.3,173.2,95.9,front,rwd,hatchback,2,turbo,gas,,3,12764
porsche,27,19,5500,143,9.5,3.11,3.94,mpfi,151,4,ohc,2778,50.2,68.3,168.9,94.5,front,rwd,hatchback,2,std,gas,186,3,22018
porsche,25,17,5900,207,9.5,2.9,3.74,mpfi,194,6,ohcf,2756,51.6,65,168.9,89.5,rear,rwd,hardtop,2,std,gas,,3,32528
porsche,25,17,5900,207,9.5,2.9,3.74,mpfi,194,6,ohcf,2756,51.6,65,168.9,89.5,rear,rwd,hardtop,2,std,gas,,3,34028
porsche,25,17,5900,207,9.5,2.9,3.74,mpfi,194,6,ohcf,2800,51.6,65,168.9,89.5,rear,rwd,convertible,2,std,gas,,3,37028
porsche,28,17,5750,288,10,3.11,3.94,mpfi,203,8,dohcv,3366,50.5,72.3,175.7,98.4,front,rwd,hatchback,2,std,gas,,1,
renault,31,23,,,8.7,3.9,3.46,mpfi,132,4,ohc,2579,55.2,66.5,181.5,96.1,front,fwd,wagon,4,std,gas,,0,9295
renault,31,23,,,8.7,3.9,3.46,mpfi,132,4,ohc,2460,50.5,66.6,176.8,96.1,front,fwd,hatchback,2,std,gas,,2,9895
saab,28,21,5250,110,9.31,3.07,3.54,mpfi,121,4,ohc,2658,56.1,66.5,186.6,99.1,front,fwd,hatchback,2,std,gas,150,3,11850
saab,28,21,5250,110,9.3,3.07,3.54,mpfi,121,4,ohc,2695,56.1,66.5,186.6,99.1,front,fwd,sedan,4,std,gas,104,2,12170
saab,28,21,5250,110,9.3,2.07,2.54,mpfi,121,4,ohc,2707,56.1,66.5,186.6,99.1,front,fwd,hatchback,2,std,gas,150,3,15040
saab,28,21,5250,110,9.3,3.07,3.54,mpfi,121,4,ohc,2758,56.1,66.5,186.6,99.1,front,fwd,sedan,4,std,gas,104,2,15510
saab,26,19,5500,160,9,3.07,3.54,mpfi,121,4,dohc,2808,56.1,66.5,186.6,99.1,front,fwd,hatchback,2,turbo,gas,150,3,18150
saab,26,19,5500,160,9,3.07,3.54,mpfi,121,4,dohc,2847,56.1,66.5,186.6,99.1,front,fwd,sedan,4,turbo,gas,104,2,18620
subaru,36,31,4900,69,9,2.36,3.62,2bbl,97,4,ohcf,2050,53.7,63.4,156.9,93.7,front,fwd,hatchback,2,std,gas,83,2,5118
subaru,31,26,4400,73,8.7,2.64,3.62,2bbl,108,4,ohcf,2120,53.7,63.6,157.9,93.7,front,fwd,hatchback,2,std,gas,83,2,7053
subaru,31,26,4400,73,8.7,2.64,3.62,2bbl,108,4,ohcf,2240,55.7,63.8,157.3,93.3,front,4wd,hatchback,2,std,gas,83,2,7603
subaru,37,32,4800,82,9.5,2.64,3.62,2bbl,108,4,ohcf,2145,52.5,65.4,172,97.2,front,fwd,sedan,4,std,gas,102,0,7126
subaru,33,28,4400,82,9.5,2.64,3.62,2bbl,108,4,ohcf,2190,52.5,65.4,172,97.2,front,fwd,sedan,4,std,gas,102,0,7775
subaru,32,26,5200,94,9,2.64,3.62,mpfi,108,4,ohcf,2340,52.5,65.4,172,97.2,front,fwd,sedan,4,std,gas,102,0,9960
subaru,25,24,4800,82,9,2.64,3.62,2bbl,108,4,ohcf,2385,54.3,65.4,172,97,front,4wd,sedan,4,std,gas,102,0,9233
subaru,29,24,4800,111,7.7,2.64,3.62,mpfi,108,4,ohcf,2510,54.3,65.4,172,97,front,4wd,sedan,4,turbo,gas,102,0,11259
subaru,32,28,4800,82,9,2.64,3.62,2bbl,108,4,ohcf,2290,53,65.4,173.5,97,front,fwd,wagon,4,std,gas,89,0,7463
subaru,31,25,5200,94,9,2.64,3.62,mpfi,108,4,ohcf,2455,53,65.4,173.5,97,front,fwd,wagon,4,std,gas,89,0,10198
subaru,29,23,4800,82,9,2.64,3.62,2bbl,108,4,ohcf,2420,54.9,65.4,173.6,96.9,front,4wd,wagon,4,std,gas,85,0,8013
subaru,23,23,4800,111,7.7,2.64,3.62,mpfi,108,4,ohcf,2650,54.9,65.4,173.6,96.9,front,4wd,wagon,4,turbo,gas,85,0,11694
toyota,39,35,4800,62,9,3.03,3.05,2bbl,92,4,ohc,1985,54.5,63.6,158.7,95.7,front,fwd,hatchback,2,std,gas,87,1,5348
toyota,38,31,4800,62,9,3.03,3.05,2bbl,92,4,ohc,2040,54.5,63.6,158.7,95.7,front,fwd,hatchback,2,std,gas,87,1,6338
toyota,38,31,4800,62,9,3.03,3.05,2bbl,92,4,ohc,2015,54.5,63.6,158.7,95.7,front,fwd,hatchback,4,std,gas,74,1,6488
toyota,37,31,4800,62,9,3.03,3.05,2bbl,92,4,ohc,2280,59.1,63.6,169.7,95.7,front,fwd,wagon,4,std,gas,77,0,6918
toyota,32,27,4800,62,9,3.03,3.05,2bbl,92,4,ohc,2290,59.1,63.6,169.7,95.7,front,4wd,wagon,4,std,gas,81,0,7898
toyota,32,27,4800,62,9,3.03,3.05,2bbl,92,4,ohc,3110,59.1,63.6,169.7,95.7,front,4wd,wagon,4,std,gas,91,0,8778
toyota,37,30,4800,70,9,3.03,3.19,2bbl,98,4,ohc,2081,53,64.4,166.3,95.7,front,fwd,sedan,4,std,gas,91,0,6938
toyota,37,30,4800,70,9,3.03,3.19,2bbl,98,4,ohc,2109,52.8,64.4,166.3,95.7,front,fwd,hatchback,4,std,gas,91,0,7198
toyota,36,34,4500,56,22.5,3.35,3.27,idi,110,4,ohc,2275,53,64.4,166.3,95.7,front,fwd,sedan,4,std,diesel,91,0,7898
toyota,47,38,4500,56,22.5,3.35,3.27,idi,110,4,ohc,2275,52.8,64.4,166.3,95.7,front,fwd,hatchback,4,std,diesel,91,0,7788
toyota,47,38,4800,70,9,3.03,3.19,2bbl,98,4,ohc,2094,53,64.4,166.3,95.7,front,fwd,sedan,4,std,gas,91,0,7738
toyota,34,28,4800,70,9,3.03,3.19,2bbl,98,4,ohc,2122,52.8,64.4,166.3,95.7,front,fwd,hatchback,4,std,gas,91,0,8358
toyota,34,28,4800,70,9,3.03,3.19,2bbl,98,4,ohc,2140,52.8,64.4,166.3,95.7,front,fwd,sedan,4,std,gas,91,0,9258
toyota,34,29,4800,70,9,3.03,3.19,2bbl,98,4,ohc,2169,52.6,64,168.7,94.5,front,rwd,sedan,2,std,gas,168,1,8058
toyota,34,29,4800,70,9,3.03,3.19,2bbl,98,4,ohc,2204,52.6,64,168.7,94.5,front,rwd,hatchback,2,std,gas,168,1,8238
toyota,29,26,6600,112,9.4,3.08,3.24,mpfi,98,4,dohc,2265,52.6,64,168.7,94.5,front,rwd,sedan,2,std,gas,168,1,9298
toyota,29,26,6600,112,9.4,3.08,3.24,mpfi,98,4,dohc,2300,52.6,64,168.7,94.5,front,rwd,hatchback,2,std,gas,168,1,9538
toyota,30,24,4800,116,9.3,3.5,3.62,mpfi,146,4,ohc,2540,52,65.6,176.2,98.4,front,rwd,hardtop,2,std,gas,134,2,8449
toyota,30,24,4800,116,9.3,3.5,3.62,mpfi,146,4,ohc,2536,52,65.6,176.2,98.4,front,rwd,hardtop,2,std,gas,134,2,9639
toyota,30,24,4800,116,9.3,3.5,3.62,mpfi,146,4,ohc,2551,52,65.6,176.2,98.4,front,rwd,hatchback,2,std,gas,134,2,9989
toyota,30,24,4800,116,9.3,3.5,3.62,mpfi,146,4,ohc,2679,52,65.6,176.2,98.4,front,rwd,hardtop,2,std,gas,134,2,11199
toyota,30,24,4800,116,9.3,3.5,3.62,mpfi,146,4,ohc,2714,52,65.6,176.2,98.4,front,rwd,hatchback,2,std,gas,134,2,11549
toyota,30,24,4800,116,9.3,3.5,3.62,mpfi,146,4,ohc,2975,53,65.6,176.2,98.4,front,rwd,convertible,2,std,gas,134,2,17669
toyota,34,29,4200,92,8.7,3.54,3.31,mpfi,122,4,ohc,2326,54.9,66.5,175.6,102.4,front,fwd,sedan,4,std,gas,65,-1,8948
toyota,33,30,4500,73,22.5,3.35,3.27,idi,110,4,ohc,2480,54.9,66.5,175.6,102.4,front,fwd,sedan,4,turbo,diesel,65,-1,10698
toyota,32,27,4200,92,8.7,3.54,3.31,mpfi,122,4,ohc,2414,53.9,66.5,175.6,102.4,front,fwd,hatchback,4,std,gas,65,-1,9988
toyota,32,27,4200,92,8.7,3.54,3.31,mpfi,122,4,ohc,2414,54.9,66.5,175.6,102.4,front,fwd,sedan,4,std,gas,65,-1,10898
toyota,32,27,4200,92,8.7,3.54,3.31,mpfi,122,4,ohc,2458,53.9,66.5,175.6,102.4,front,fwd,hatchback,4,std,gas,65,-1,11248
toyota,24,20,5200,161,9.3,3.35,3.27,mpfi,171,6,dohc,2976,52,67.7,183.5,102.9,front,rwd,hatchback,2,std,gas,197,3,16558
toyota,24,19,5200,161,9.3,3.35,3.27,mpfi,171,6,dohc,3016,52,67.7,183.5,102.9,front,rwd,hatchback,2,std,gas,197,3,15998
toyota,24,20,5200,156,9.2,3.35,3.27,mpfi,171,6,dohc,3131,54.1,66.5,187.8,104.5,front,rwd,sedan,4,std,gas,90,-1,15690
toyota,24,19,5200,156,9.2,3.35,3.27,mpfi,161,6,dohc,3151,54.1,66.5,187.8,104.5,front,rwd,wagon,4,std,gas,,-1,15750
volkswagen,46,37,4800,52,23,3.4,3.01,idi,97,4,ohc,2261,55.7,65.5,171.7,97.3,front,fwd,sedan,2,std,diesel,122,2,7775
volkswagen,34,27,5250,85,9,3.4,3.19,mpfi,109,4,ohc,2209,55.7,65.5,171.7,97.3,front,fwd,sedan,2,std,gas,122,2,7975
volkswagen,46,37,4800,52,23,3.4,3.01,idi,97,4,ohc,2264,55.7,65.5,171.7,97.3,front,fwd,sedan,4,std,diesel,94,2,7995
volkswagen,34,27,5250,85,9,3.4,3.19,mpfi,109,4,ohc,2212,55.7,65.5,171.7,97.3,front,fwd,sedan,4,std,gas,94,2,8195
volkswagen,34,27,5250,85,9,3.4,3.19,mpfi,109,4,ohc,2275,55.7,65.5,171.7,97.3,front,fwd,sedan,4,std,gas,94,2,8495
volkswagen,42,37,4500,68,23,3.4,3.01,idi,97,4,ohc,2319,55.7,65.5,171.7,97.3,front,fwd,sedan,4,turbo,diesel,94,2,9495
volkswagen,32,26,5500,100,10,3.4,3.19,mpfi,109,4,ohc,2300,55.7,65.5,171.7,97.3,front,fwd,sedan,4,std,gas,94,2,9995
volkswagen,29,24,5500,90,8.5,3.4,3.19,mpfi,109,4,ohc,2254,55.6,64.2,159.3,94.5,front,fwd,convertible,2,std,gas,,3,11595
volkswagen,29,24,5500,90,8.5,3.4,3.19,mpfi,109,4,ohc,2221,51.4,64,165.7,94.5,front,fwd,hatchback,2,std,gas,256,3,9980
volkswagen,24,19,5500,110,8.5,3.4,3.19,mpfi,136,5,ohc,2661,55.1,66.9,180.2,100.4,front,fwd,sedan,4,std,gas,,0,13295
volkswagen,38,33,4500,68,23,3.4,3.01,idi,97,4,ohc,2579,55.1,66.9,180.2,100.4,front,fwd,sedan,4,turbo,diesel,,0,13845
volkswagen,31,25,5500,88,9,3.4,3.19,mpfi,109,4,ohc,2563,55.1,66.9,183.1,100.4,front,fwd,wagon,4,std,gas,,0,12290
volvo,28,23,5400,114,9.5,3.15,3.78,mpfi,141,4,ohc,2912,56.2,67.2,188.8,104.3,front,rwd,sedan,4,std,gas,103,-2,12940
volvo,28,23,5400,114,9.5,3.15,3.78,mpfi,141,4,ohc,3034,57.5,67.2,188.8,104.3,front,rwd,wagon,4,std,gas,74,-1,13415
volvo,28,24,5400,114,9.5,3.15,3.78,mpfi,141,4,ohc,2935,56.2,67.2,188.8,104.3,front,rwd,sedan,4,std,gas,103,-2,15985
volvo,28,24,5400,114,9.5,3.15,3.78,mpfi,141,4,ohc,3042,57.5,67.2,188.8,104.3,front,rwd,wagon,4,std,gas,74,-1,16515
volvo,22,17,5100,162,7.5,3.15,3.62,mpfi,130,4,ohc,3045,56.2,67.2,188.8,104.3,front,rwd,sedan,4,turbo,gas,103,-2,18420
volvo,22,17,5100,162,7.5,3.15,3.62,mpfi,130,4,ohc,3157,57.5,67.2,188.8,104.3,front,rwd,wagon,4,turbo,gas,74,-1,18950
volvo,28,23,5400,114,9.5,3.15,3.78,mpfi,141,4,ohc,2952,55.5,68.9,188.8,109.1,front,rwd,sedan,4,std,gas,95,-1,16845
volvo,25,19,5300,160,8.7,3.15,3.78,mpfi,141,4,ohc,3049,55.5,68.8,188.8,109.1,front,rwd,sedan,4,turbo,gas,95,-1,19045
volvo,23,18,5500,134,8.8,2.87,3.58,mpfi,173,6,ohcv,3012,55.5,68.9,188.8,109.1,front,rwd,sedan,4,std,gas,95,-1,21485
volvo,27,26,4800,106,23,3.4,3.01,idi,145,6,ohc,3217,55.5,68.9,188.8,109.1,front,rwd,sedan,4,turbo,diesel,95,-1,22470
volvo,25,19,5400,114,9.5,3.15,3.78,mpfi,141,4,ohc,3062,55.5,68.9,188.8,109.1,front,rwd,sedan,4,turbo,gas,95,-1,22625
